Wavelength (microns),E (W/m2/micron),Error on E
0.1195,6.19E-02,0.2487971061
0.1205,0.5614,0.7492663078
0.1215,4.901,2.213820228
0.1225,1.184,1.088117641
0.1235,4.77E-02,0.2184032967
0.1245,3.43E-02,0.1852025918
0.1255,2.88E-02,0.1697056275
0.1265,3.52E-02,0.1876166304
0.1275,2.13E-02,0.1459451952
0.1285,1.73E-02,0.1315294644
0.1295,3.99E-02,0.1997498436
0.1305,0.1206,0.3472751071
0.1315,3.98E-02,0.1994993734
0.1325,4.13E-02,0.2032240143
0.1335,0.168,0.4098780306
0.1345,4.57E-02,0.2137755833
0.1355,3.80E-02,0.1949358869
0.1365,3.09E-02,0.1757839583
0.1375,2.92E-02,0.1708800749
0.1385,3.97E-02,0.1992485885
0.1395,7.56E-02,0.2749545417
0.1405,6.08E-02,0.2465765601
0.1415,4.21E-02,0.2051828453
0.1425,4.68E-02,0.2163330765
0.1435,5.11E-02,0.2260530911
0.1445,5.09E-02,0.2256102835
0.1455,5.54E-02,0.2353720459
0.1465,7.09E-02,0.2662705391
0.1475,8.49E-02,0.2913760457
0.1485,8.20E-02,0.2863564213
0.1495,7.96E-02,0.2821347196
0.1505,8.70E-02,0.2949576241
0.1515,9.27E-02,0.304466747
0.1525,0.1163,0.3410278581
0.1535,0.1299,0.3604164258
0.1545,0.2059,0.4537620522
0.1555,0.2144,0.4630334761
0.1565,0.1847,0.4297673789
0.1575,0.1717,0.4143669871
0.1585,0.1675,0.4092676386
0.1595,0.1754,0.4188078318
0.1605,0.1934,0.4397726685
0.1615,0.2228,0.4720169488
0.1625,0.2519,0.5018964037
0.1635,0.2841,0.5330103188
0.1645,0.2973,0.5452522352
0.1655,0.4302,0.6558963333
0.1665,0.3989,0.631585307
0.1675,0.3875,0.6224949799
0.1685,0.4556,0.6749814812
0.1695,0.5877,0.7666159404
0.1705,0.6616,0.8133879763
0.1715,0.688,0.8294576541
0.1725,0.7252,0.8515867542
0.1735,0.7645,0.8743569065
0.1745,0.9067,0.9522079605
0.1755,1.079,1.038749248
0.1765,1.22,1.104536102
0.1775,1.403,1.18448301
0.1785,1.538,1.24016128
0.1795,1.576,1.255388386
0.1805,1.831,1.353144486
0.1815,2.233,1.494322589
0.1825,2.243,1.497664849
0.1835,2.244,1.497998665
0.1845,2.066,1.437358689
0.1855,2.311,1.520197356
0.1865,2.7,1.643167673
0.1875,3.009,1.734646938
0.1885,3.291,1.814111353
0.1895,3.569,1.889179716
0.1905,3.764,1.94010309
0.1915,4.165,2.040833163
0.1925,4.113,2.028053254
0.1935,3.808,1.951409747
0.1945,5.21,2.282542442
0.1955,5.427,2.329592239
0.1965,6.008,2.451122192
0.1975,6.191,2.48817202
0.1985,6.187,2.487368087
0.1995,6.664,2.581472448
0.2005,7.326,2.706658456
0.2015,8.023,2.832490071
0.2025,8.261,2.87419554
0.2035,9.217,3.035951251
0.2045,10.25,3.201562119
0.2055,10.54,3.246536616
0.2065,11.08,3.328663395
0.2075,12.65,3.556683849
0.2085,15.05,3.879432948
0.2095,21.38,4.623851209
0.2105,27.92,5.283937925
0.2115,33.54,5.791372894
0.2125,31.3,5.594640292
0.2135,33.15,5.757603668
0.2145,40.03,6.326926584
0.2155,36.15,6.012487006
0.2165,32.27,5.680668975
0.2175,35.29,5.940538696
0.2185,44.37,6.661080993
0.2195,46.92,6.849817516
0.2205,47.33,6.879680225
0.2215,39.58,6.291263784
0.2225,49.65,7.046275612
0.2235,63.01,7.937883849
0.2245,58.97,7.679192666
0.2255,52.29,7.231182476
0.2265,39.4,6.276941931
0.2275,39.92,6.3182276
0.2285,51.95,7.207634841
0.2295,47.71,6.907242576
0.2305,52.12,7.219418259
0.2315,50.97,7.139327699
0.2325,53.26,7.297944916
0.2335,44.74,6.688796603
0.2345,38.97,6.242595614
0.2355,51.42,7.170774017
0.2365,48.59,6.970652767
0.2375,48.44,6.959885057
0.2385,41.96,6.477653896
0.2395,44.12,6.642288762
0.2405,39.56,6.289674077
0.2415,51.48,7.174956446
0.2425,70.6,8.402380615
0.2435,66.53,8.156592426
0.2445,60.97,7.808328887
0.2455,49.39,7.027801932
0.2465,50.4,7.09929574
0.2475,55.5,7.449832213
0.2485,45.65,6.756478373
0.2495,56.38,7.508661665
0.2505,60.1,7.752418977
0.2515,46.01,6.783067153
0.2525,41.55,6.445928948
0.2535,51.55,7.179832867
0.2545,59.57,7.718160403
0.2555,79.3,8.905054744
0.2565,101.8,10.0895986
0.2575,125.4,11.19821414
0.2585,125.1,11.18481113
0.2595,104,10.19803903
0.2605,85.51,9.247161727
0.2615,89.8,9.476286192
0.2625,103.6,10.17840852
0.2635,165.8,12.87633488
0.2645,249.7,15.80189862
0.2655,252.7,15.8965405
0.2665,249.4,15.79240324
0.2675,250.8,15.83666632
0.2685,243.8,15.6140962
0.2695,238.9,15.45639026
0.2705,267.3,16.34931191
0.2715,224.4,14.97998665
0.2725,197.4,14.04991103
0.2735,196.5,14.01784577
0.2745,132.6,11.51520734
0.2755,175.1,13.23253566
0.2765,242.8,15.58204094
0.2775,233.8,15.29051994
0.2785,159.3,12.62141038
0.2795,85.55,9.2493243
0.2805,94.63,9.727795228
0.2815,208.3,14.43260198
0.2825,294.1,17.14934401
0.2835,313.5,17.70593121
0.2845,235.3,15.33949152
0.2855,163.1,12.77106104
0.2865,322.7,17.96385259
0.2875,336.3,18.33848412
0.2885,322.2,17.94993036
0.2895,472.7,21.74166507
0.2905,601.3,24.52141921
0.2915,580.8,24.09979253
0.2925,521.9,22.84513077
0.2935,535.5,23.14087293
0.2945,508.8,22.55659549
0.2955,553.2,23.52020408
0.2965,509.6,22.5743217
0.2975,507.3,22.52332125
0.2985,465.5,21.57544901
0.2995,484,22
0.3005,420,20.49390153
0.3015,455.5,21.34244597
0.3025,489,22.11334439
0.3035,620.6,24.91184457
0.3045,602.5,24.54587542
0.3055,594.8,24.38852189
0.3065,555.7,23.57328997
0.3075,615,24.79919354
0.3085,611.4,24.726504
0.3095,496.5,22.28227996
0.3105,622.4,24.94794581
0.3115,729.2,27.00370345
0.3125,655.9,25.6105447
0.3135,699.9,26.45562322
0.3145,662.9,25.74684447
0.3155,633,25.15949125
0.3165,633.2,25.16346558
0.3175,773.9,27.81905822
0.3185,664.9,25.78565493
0.3195,710.5,26.65520587
0.3205,805.1,28.37428413
0.3215,699.5,26.44806231
0.3225,688.6,26.241189
0.3235,661.3,25.71575393
0.3245,760.8,27.58260321
0.3255,875.8,29.59391829
0.3265,979.5,31.29696471
0.3275,952.7,30.86583872
0.3285,917.6,30.29191311
0.3295,1061,32.57299495
0.3305,1016,31.8747549
0.3315,965.7,31.07571399
0.3325,954.9,30.90145628
0.3335,921.6,30.35786554
0.3345,958.9,30.96611051
0.3355,943.4,30.71481727
0.3365,809.5,28.45171348
0.3375,841.8,29.01378982
0.3385,921.5,30.35621847
0.3395,958.1,30.95319047
0.3405,1007,31.73326331
0.3415,923.8,30.39407837
0.3425,993,31.51190251
0.3435,950.6,30.83180176
0.3445,795.7,28.20815485
0.3455,939.2,30.6463701
0.3465,926.4,30.43681981
0.3475,901.7,30.02831997
0.3485,897.2,29.95329698
0.3495,889.8,29.82951558
0.3505,1050,32.40370349
0.3515,979.5,31.29696471
0.3525,907.9,30.13137899
0.3535,1033,32.14031736
0.3545,1111,33.33166662
0.3555,1045,32.32645975
0.3565,912.3,30.20430433
0.3575,796,28.21347196
0.3585,693.6,26.33628675
0.3595,991.1,31.48174074
0.3605,970.8,31.15766358
0.3615,878.1,29.63275215
0.3625,997.8,31.58797239
0.3635,996.9,31.57372325
0.3645,1013,31.82766093
0.3655,1152,33.9411255
0.3665,1233,35.11409973
0.3675,1180,34.35112807
0.3685,1101,33.18132005
0.3695,1226,35.0142828
0.3705,1139,33.74907406
0.3715,1175,34.278273
0.3725,1054,32.46536616
0.3735,920.2,30.3347985
0.3745,900.4,30.00666593
0.3755,1062,32.58834147
0.3765,1085,32.93933818
0.3775,1282,35.80502758
0.3785,1327,36.4280112
0.3795,1066,32.64965543
0.3805,1202,34.66987165
0.3815,1082,32.89376841
0.3825,791.3,28.1300551
0.3835,684.1,26.15530539
0.3845,959.7,30.97902516
0.3855,1008,31.74901573
0.3865,1007,31.73326331
0.3875,1004,31.68595904
0.3885,984.3,31.37355574
0.3895,1174,34.2636834
0.3905,1247,35.31288717
0.3915,1342,36.63331817
0.3925,1019,31.9217794
0.3935,582.3,24.13089306
0.3945,1026,32.03123476
0.3955,1314,36.24913792
0.3965,854.5,29.23183196
0.3975,928.8,30.47622024
0.3985,1522,39.01281841
0.3995,1663,40.77989701
0.4005,1682,41.01219331
0.4015,1746,41.78516483
0.4025,1759,41.94043395
0.4035,1684,41.03656906
0.4045,1674,40.91454509
0.4055,1667,40.82891133
0.4065,1589,39.86226286
0.4075,1628,40.348482
0.4085,1735,41.6533312
0.4095,1715,41.41255848
0.4105,1532,39.14077158
0.4115,1817,42.62628297
0.4125,1789,42.29657197
0.4135,1756,41.90465368
0.4145,1737,41.67733197
0.4155,1734,41.64132563
0.4165,1842,42.91852747
0.4175,1665,40.80441153
0.4185,1684,41.03656906
0.4195,1701,41.24318125
0.4205,1757,41.91658383
0.4215,1797,42.39103679
0.4225,1582,39.7743636
0.4235,1711,41.36423576
0.4245,1767,42.03569911
0.4255,1695,41.1703777
0.4265,1698,41.20679556
0.4275,1569,39.61060464
0.4285,1587,39.83716857
0.4295,1475,38.40572874
0.4305,1135,33.68976106
0.4315,1686,41.06093034
0.4325,1646,40.57092555
0.4335,1731,41.60528813
0.4345,1670,40.86563348
0.4355,1723,41.50903516
0.4365,1929,43.92038251
0.4375,1806,42.49705872
0.4385,1567,39.58535083
0.4395,1825,42.72001873
0.4405,1713,41.38840417
0.4415,1931,43.94314509
0.4425,1980,44.49719092
0.4435,1909,43.69210455
0.4445,1973,44.41846463
0.4455,1821,42.67317659
0.4465,1891,43.48562981
0.4475,2077,45.57411546
0.4485,1973,44.41846463
0.4495,2027,45.02221674
0.4505,2144,46.30334761
0.4515,2109,45.92385001
0.4525,1941,44.05678154
0.4535,1970,44.38468204
0.4545,1979,44.48595284
0.4555,2034,45.09988914
0.4565,2077,45.57411546
0.4575,2100,45.82575695
0.4585,1971,44.39594576
0.4595,2009,44.82186966
0.4605,2040,45.16635916
0.4615,2055,45.33210783
0.4625,2104,45.86937976
0.4635,2040,45.16635916
0.4645,1976,44.45222154
0.4655,2042,45.18849411
0.4665,1921,43.829214
0.4675,2015,44.88875137
0.4685,1994,44.65422712
0.4695,1990,44.60941605
0.4705,1877,43.32435804
0.4715,2018,44.92215489
0.4725,2041,45.17742799
0.4735,1991,44.62062303
0.4745,2051,45.2879675
0.4755,2016,44.89988864
0.4765,1956,44.22668877
0.4775,2075,45.5521679
0.4785,2009,44.82186966
0.4795,2076,45.563143
0.4805,2035,45.11097427
0.4815,2090,45.7165178
0.4825,2023,44.97777229
0.4835,2019,44.93328388
0.4845,1969,44.37341546
0.4855,1830,42.77849927
0.4865,1625,40.31128874
0.4875,1830,42.77849927
0.4885,1914,43.74928571
0.4895,1960,44.27188724
0.4905,2007,44.79955357
0.4915,1896,43.54308211
0.4925,1896,43.54308211
0.4935,1888,43.45112196
0.4945,2058,45.36518489
0.4955,1926,43.88621651
0.4965,2017,44.91102315
0.4975,2018,44.92215489
0.4985,1866,43.19722213
0.4995,1970,44.38468204
0.5005,1857,43.09292285
0.5015,1812,42.56759331
0.5025,1894,43.52011029
0.5035,1934,43.97726685
0.5045,1869,43.23193264
0.5055,1993,44.64302857
0.5065,1961,44.28317965
0.5075,1906,43.65775991
0.5085,1919,43.80639223
0.5095,1916,43.77213726
0.5105,1947,44.12482295
0.5115,1997,44.68780594
0.5125,1867,43.2087954
0.5135,1861,43.13930922
0.5145,1874,43.28972164
0.5155,1900,43.58898944
0.5165,1669,40.85339643
0.5175,1726,41.54515616
0.5185,1654,40.66939882
0.5195,1828,42.75511665
0.5205,1831,42.79018579
0.5215,1906,43.65775991
0.5225,1823,42.69660408
0.5235,1894,43.52011029
0.5245,1958,44.24929378
0.5255,1930,43.93176527
0.5265,1674,40.91454509
0.5275,1828,42.75511665
0.5285,1897,43.55456348
0.5295,1918,43.79497688
0.5305,1952,44.18144407
0.5315,1963,44.30575583
0.5325,1770,42.07136794
0.5335,1923,43.8520239
0.5345,1858,43.10452412
0.5355,1990,44.60941605
0.5365,1871,43.25505751
0.5375,1882,43.38202393
0.5385,1904,43.63484846
0.5395,1832,42.80186912
0.5405,1769,42.05948169
0.5415,1881,43.37049688
0.5425,1825,42.72001873
0.5435,1879,43.3474336
0.5445,1879,43.3474336
0.5455,1901,43.60045871
0.5465,1879,43.3474336
0.5475,1833,42.81354926
0.5485,1863,43.16248371
0.5495,1895,43.53159772
0.5505,1862,43.15089802
0.5515,1871,43.25505751
0.5525,1846,42.96510212
0.5535,1882,43.38202393
0.5545,1898,43.56604182
0.5555,1897,43.55456348
0.5565,1821,42.67317659
0.5575,1846,42.96510212
0.5585,1787,42.27292278
0.5595,1808,42.52058325
0.5605,1843,42.93017587
0.5615,1824,42.70831301
0.5625,1850,43.01162634
0.5635,1861,43.13930922
0.5645,1854,43.05810028
0.5655,1798,42.40283009
0.5665,1829,42.76680956
0.5675,1887,43.43961326
0.5685,1810,42.54409477
0.5695,1860,43.12771731
0.5705,1769,42.05948169
0.5715,1823,42.69660408
0.5725,1892,43.49712634
0.5735,1876,43.31281566
0.5745,1867,43.2087954
0.5755,1830,42.77849927
0.5765,1846,42.96510212
0.5775,1857,43.09292285
0.5785,1783,42.22558466
0.5795,1828,42.75511665
0.5805,1838,42.87190222
0.5815,1853,43.0464865
0.5825,1873,43.27817002
0.5835,1857,43.09292285
0.5845,1860,43.12771731
0.5855,1783,42.22558466
0.5865,1830,42.77849927
0.5875,1848,42.98837052
0.5885,1750,41.83300133
0.5895,1612,40.1497198
0.5905,1813,42.57933771
0.5915,1787,42.27292278
0.5925,1808,42.52058325
0.5935,1796,42.3792402
0.5945,1773,42.10700654
0.5955,1782,42.21374184
0.5965,1805,42.48529157
0.5975,1780,42.19004622
0.5985,1757,41.91658383
0.5995,1774,42.11887938
0.6005,1746,41.78516483
0.6015,1751,41.84495191
0.6025,1719,41.46082488
0.6035,1787,42.27292278
0.6045,1776,42.14261501
0.6055,1763,41.98809355
0.6065,1759,41.94043395
0.6075,1757,41.91658383
0.6085,1743,41.74925149
0.6095,1744,41.76122604
0.6105,1703,41.26742056
0.6115,1746,41.78516483
0.6125,1705,41.29164564
0.6135,1683,41.02438299
0.6145,1713,41.38840417
0.6155,1713,41.38840417
0.6165,1609,40.11234224
0.6175,1707,41.31585652
0.6185,1724,41.52107898
0.6195,1707,41.31585652
0.6205,1734,41.64132563
0.6215,1690,41.10960958
0.6225,1713,41.38840417
0.6235,1666,40.81666326
0.6245,1656,40.6939799
0.6255,1632,40.39801975
0.6265,1697,41.19465985
0.6275,1697,41.19465985
0.6285,1697,41.19465985
0.6295,1677,40.95119046
0.631,1639,40.48456496
0.633,1651,40.63249931
0.635,1656,40.6939799
0.637,1654,40.66939882
0.639,1651,40.63249931
0.641,1614,40.17461885
0.643,1621,40.26164428
0.645,1627,40.33608806
0.647,1603,40.03748244
0.649,1558,39.47150871
0.651,1606,40.07492982
0.653,1599,39.98749805
0.655,1532,39.14077158
0.657,1384,37.20215048
0.659,1549,39.35733731
0.661,1571,39.63584237
0.663,1555,39.43348831
0.665,1560,39.49683532
0.667,1535,39.17907605
0.669,1546,39.3192065
0.671,1516,38.93584467
0.673,1521,39
0.675,1510,38.85871846
0.677,1508,38.83297568
0.679,1498,38.70400496
0.681,1492,38.62641583
0.683,1479,38.45776905
0.685,1455,38.14446225
0.687,1467,38.301436
0.689,1461,38.22302971
0.691,1448,38.05259518
0.693,1448,38.05259518
0.695,1436,37.89459064
0.697,1416,37.62977544
0.699,1425,37.74917218
0.701,1386,37.22902094
0.703,1388,37.25587202
0.705,1415,37.61648575
0.707,1400,37.41657387
0.709,1384,37.20215048
0.711,1385,37.21558813
0.713,1373,37.05401463
0.715,1366,36.95943723
0.717,1354,36.79673899
0.719,1328,36.44173432
0.721,1331,36.48287269
0.723,1348,36.7151195
0.725,1350,36.74234614
0.727,1346,36.68787266
0.729,1319,36.31803959
0.731,1326,36.41428291
0.733,1318,36.30426972
0.735,1309,36.18010503
0.737,1307,36.15245497
0.739,1278,35.74912586
0.741,1258,35.4682957
0.743,1286,35.86084215
0.745,1279,35.76310948
0.747,1283,35.81898938
0.749,1270,35.63705936
0.751,1262,35.52463934
0.753,1259,35.48239
0.755,1255,35.42597917
0.757,1248,35.32704347
0.759,1240,35.21363372
0.761,1237,35.17101079
0.763,1241,35.22782991
0.765,1221,34.94281042
0.767,1185,34.42382896
0.769,1203,34.68429039
0.771,1204,34.69870315
0.773,1208,34.75629439
0.775,1188,34.46737588
0.777,1196,34.58323293
0.779,1187,34.45286635
0.781,1187,34.45286635
0.783,1176,34.2928564
0.785,1180,34.35112807
0.787,1177,34.3074336
0.789,1174,34.2636834
0.791,1158,34.02939905
0.793,1143,33.80828301
0.795,1134,33.67491648
0.797,1152,33.9411255
0.799,1135,33.68976106
0.801,1142,33.7934905
0.803,1129,33.60059523
0.805,1115,33.39161571
0.807,1120,33.46640106
0.809,1095,33.09078422
0.811,1114,33.37663854
0.813,1115,33.39161571
0.815,1107,33.27160952
0.817,1104,33.22649545
0.819,1063,32.60368077
0.821,1080,32.86335345
0.823,1073,32.75667871
0.825,1075,32.78719262
0.826,1080,32.86335345
0.828,1081,32.87856445
0.83,1063,32.60368077
0.832,1051,32.41913015
0.834,1041,32.26453161
0.836,1052,32.43454948
0.838,1044,32.31098884
0.84,1040,32.24903099
0.842,1036,32.18695388
0.844,1024,32
0.846,1028,32.06243908
0.848,1023,31.98437118
0.85,966,31.08054054
0.852,996.1,31.56105195
0.854,878,29.63106478
0.856,975.5,31.23299537
0.858,1005,31.70173497
0.86,996.9,31.57372325
0.862,994.9,31.54203544
0.864,999.3,31.61170669
0.866,886.2,29.76911151
0.868,939.5,30.65126425
0.87,974.7,31.22018578
0.872,983.3,31.35761471
0.874,971.3,31.16568626
0.876,964,31.04834939
0.878,974.9,31.22338867
0.88,955.4,30.90954545
0.882,951.1,30.83990921
0.884,957.9,30.94995961
0.886,938.3,30.63168294
0.888,944.3,30.72946469
0.89,953,30.87069808
0.892,939.4,30.64963295
0.894,933.2,30.54832238
0.896,938.7,30.63821144
0.898,933.9,30.55977749
0.9,915.8,30.26218763
0.902,891.6,29.8596718
0.904,928.5,30.47129797
0.906,917.6,30.29191311
0.908,902.5,30.04163777
0.91,891.6,29.8596718
0.912,896.7,29.94494949
0.914,907.1,30.11810087
0.916,900.4,30.00666593
0.918,895.1,29.91822187
0.92,890.8,29.8462728
0.922,863,29.37686164
0.924,858.5,29.30017065
0.926,861.2,29.3462093
0.928,876.9,29.61249736
0.93,867.7,29.45674795
0.932,865.1,29.41258234
0.934,864.1,29.3955779
0.936,854.7,29.23525269
0.938,858,29.29163703
0.94,843.8,29.04823575
0.942,825,28.72281323
0.944,832.4,28.85134312
0.946,837.5,28.93959226
0.948,840.7,28.99482712
0.95,836.9,28.92922398
0.952,831.7,28.83920942
0.954,808,28.42534081
0.956,808.2,28.42885858
0.958,818.8,28.61468155
0.96,815.1,28.54995622
0.962,808.9,28.44116735
0.964,801.3,28.30724289
0.966,794.7,28.19042391
0.968,796.9,28.22941728
0.97,795.9,28.2116997
0.972,793.6,28.17090698
0.974,781.5,27.9553215
0.976,782.5,27.97320146
0.978,777.9,27.89085872
0.98,774.6,27.83163667
0.982,776.4,27.86395521
0.984,769.8,27.74526987
0.986,766.1,27.67851152
0.988,761.5,27.59528945
0.99,754.1,27.46088127
0.992,756.7,27.5081806
0.994,755.6,27.48817928
0.996,752.5,27.43173345
0.998,751,27.40437921
1,747.9,27.34776042
1.002,746.9,27.32947127
1.004,726.1,26.94624278
1.006,713.6,26.71329257
1.008,733.5,27.08320513
1.01,731.3,27.04255905
1.012,726.2,26.94809826
1.014,721,26.85144316
1.016,713.9,26.71890716
1.018,710.7,26.65895722
1.02,704.1,26.5348827
1.022,702.1,26.49716966
1.024,705.4,26.55936746
1.026,702.7,26.50848921
1.028,698.9,26.43671689
1.03,693.7,26.33818521
1.032,690.5,26.27736669
1.034,681.7,26.10938529
1.036,684,26.15339366
1.038,677.2,26.02306669
1.04,676.1,26.00192301
1.042,674.6,25.97306297
1.044,671.4,25.91138746
1.046,660,25.69046516
1.048,664.4,25.77595779
1.05,662.2,25.73324698
1.052,658.6,25.66320323
1.054,654.9,25.59101405
1.056,655.7,25.60663976
1.058,645.1,25.39881887
1.06,641.5,25.32785028
1.062,643.8,25.37321422
1.064,645.9,25.41456275
1.066,639.5,25.28833723
1.068,631.7,25.13364279
1.07,624.1,24.98199352
1.072,632.6,25.15154071
1.074,627.6,25.05194603
1.076,628,25.05992817
1.078,627.2,25.04396135
1.08,624.7,24.99399928
1.082,609.9,24.69615355
1.084,618,24.85960579
1.086,620.8,24.9158584
1.088,610.3,24.70425065
1.09,619.9,24.89779107
1.092,615.9,24.81733265
1.094,584.9,24.18470591
1.096,598.3,24.46017171
1.098,596.1,24.41515923
1.1,604.2,24.58048006
1.102,593.2,24.35569749
1.104,597.4,24.44176753
1.106,594.5,24.38237068
1.108,591.6,24.32282878
1.11,590.6,24.30226327
1.112,584.3,24.17229819
1.114,584.4,24.17436659
1.116,583.1,24.14746363
1.118,581.5,24.1143111
1.12,574.1,23.96038397
1.122,579.6,24.07488318
1.124,576.9,24.01874268
1.126,565.5,23.7802439
1.128,570,23.87467277
1.13,565.3,23.77603836
1.132,567.8,23.8285543
1.134,563.8,23.74447304
1.136,565.8,23.78655082
1.138,556.9,23.59872878
1.14,553,23.51595203
1.142,553.1,23.51807815
1.144,551.4,23.48190793
1.146,554.8,23.55419283
1.148,552.5,23.50531855
1.15,548.9,23.42861498
1.152,545.8,23.36236289
1.154,547.9,23.40726383
1.156,545.5,23.35594143
1.158,543.5,23.31308645
1.16,532,23.06512519
1.162,532.5,23.07596152
1.164,533.2,23.09112384
1.166,530.3,23.02824353
1.168,531.2,23.04777647
1.17,527.6,22.96954505
1.172,531.5,23.05428377
1.174,527.3,22.96301374
1.176,518.4,22.76839915
1.178,519,22.7815715
1.18,523.9,22.88886192
1.182,515.9,22.71343215
1.184,510.3,22.58982072
1.186,518.7,22.77498628
1.188,507.5,22.52776065
1.19,508.5,22.54994457
1.192,516.1,22.7178344
1.194,514.5,22.68259244
1.196,508.4,22.54772716
1.198,494.3,22.23285857
1.2,500.3,22.36738697
1.202,506.8,22.5122189
1.204,494.8,22.24410034
1.206,503.9,22.44771703
1.208,489,22.11334439
1.21,488.2,22.09524836
1.212,493.3,22.21035794
1.214,494.2,22.23060953
1.216,493,22.20360331
1.218,489.7,22.12916627
1.22,487.5,22.07940217
1.222,485.4,22.03179521
1.224,484.6,22.01363214
1.226,481.7,21.94766502
1.228,477.1,21.84261889
1.23,479.2,21.89063727
1.232,475,21.79449472
1.234,472.9,21.74626405
1.236,471.9,21.72325942
1.238,470.3,21.68640127
1.24,465.3,21.57081361
1.242,464.2,21.54530111
1.244,461.9,21.49185892
1.246,463.5,21.52905014
1.248,463.3,21.52440475
1.25,462.4,21.50348809
1.252,457.1,21.3798971
1.254,457.4,21.38691189
1.256,455.1,21.33307292
1.258,453.3,21.2908431
1.26,453,21.28379665
1.262,449.7,21.20613119
1.264,447.8,21.16128541
1.266,446.7,21.13527856
1.268,441.7,21.01666006
1.27,445.3,21.10213259
1.272,445.2,21.09976303
1.274,443.1,21.04994062
1.276,445.1,21.0973932
1.278,444,21.07130751
1.28,435.6,20.87103256
1.282,401.4,20.03496943
1.284,425.9,20.63734479
1.286,432.8,20.8038458
1.288,431.4,20.77017092
1.29,425.5,20.62765134
1.292,425.4,20.62522727
1.294,422.3,20.54993917
1.296,422.4,20.55237213
1.298,418.4,20.45482828
1.3,418.6,20.45971652
1.302,413.9,20.34453244
1.304,411.1,20.2756011
1.306,413.6,20.33715811
1.308,412.3,20.30517175
1.31,410.6,20.26326726
1.312,403.3,20.08233054
1.314,402.2,20.05492458
1.316,397.9,19.94743091
1.318,401.7,20.04245494
1.32,401.6,20.03996008
1.322,398.6,19.96496932
1.324,398.1,19.95244346
1.326,394.9,19.87209098
1.328,390.8,19.76866207
1.33,387.8,19.69263822
1.332,386.3,19.65451602
1.334,389.2,19.72815247
1.336,386.6,19.66214637
1.338,383.2,19.57549489
1.34,379,19.46792233
1.342,380.5,19.5064092
1.344,379.8,19.48845812
1.346,377.2,19.42163742
1.348,376.6,19.40618458
1.35,372.4,19.29766825
1.352,374.2,19.34424979
1.354,372.2,19.29248558
1.356,367.5,19.17028951
1.358,368.8,19.20416621
1.36,367.3,19.1650724
1.362,367.7,19.17550521
1.364,365.7,19.12328424
1.366,365.7,19.12328424
1.368,362.8,19.04730952
1.37,359.9,18.97103055
1.372,362.1,19.02892535
1.374,361.1,19.0026314
1.376,356.1,18.87061207
1.378,358,18.92088793
1.38,357.9,18.91824516
1.382,354.5,18.82817038
1.384,354.7,18.83348083
1.386,353.2,18.79361594
1.388,353,18.78829423
1.39,350.6,18.72431574
1.392,351.3,18.74299869
1.394,348.8,18.67618805
1.396,348.7,18.67351065
1.398,349.2,18.6868938
1.4,342.7,18.51215817
1.402,343.9,18.54454098
1.404,342.8,18.5148589
1.406,343.1,18.52295873
1.408,342.7,18.51215817
1.41,341.8,18.48783384
1.412,334.8,18.29754082
1.414,337.7,18.37661558
1.416,338.5,18.39836949
1.418,338.6,18.40108692
1.42,335.7,18.32211778
1.422,331.5,18.20714146
1.424,331.1,18.19615344
1.426,328.1,18.11353085
1.428,328.5,18.12456896
1.43,325.7,18.04716044
1.432,330,18.16590212
1.434,328.4,18.12181006
1.436,328.5,18.12456896
1.438,328.3,18.11905075
1.44,318.8,17.8549713
1.442,318.6,17.84936974
1.444,319.7,17.8801566
1.446,321.6,17.93320942
1.448,321.6,17.93320942
1.45,318.7,17.85217074
1.452,315.4,17.7595045
1.454,314.3,17.72850812
1.456,313.1,17.69463195
1.458,316.7,17.79606698
1.46,315.6,17.76513439
1.462,312.1,17.6663522
1.464,310.5,17.62101019
1.466,310.8,17.6295207
1.468,311.4,17.6465294
1.47,310.2,17.61249556
1.472,307.3,17.52997433
1.474,303.4,17.4183811
1.476,304.8,17.45852227
1.478,304.4,17.44706279
1.48,306.8,17.51570724
1.482,304.4,17.44706279
1.484,303.9,17.43272784
1.486,303.3,17.41551033
1.488,285.5,16.89674525
1.49,301.5,17.36375535
1.492,301.8,17.37239189
1.494,303.3,17.41551033
1.496,297.2,17.23948955
1.498,299.4,17.3031789
1.5,301.1,17.35223329
1.502,292.4,17.0997076
1.504,279.9,16.73021219
1.506,284.8,16.87601849
1.508,291.9,17.08508121
1.51,294.7,17.16682848
1.512,291.3,17.067513
1.514,288.3,16.97939928
1.516,288.2,16.97645428
1.518,288.4,16.98234377
1.52,286.6,16.9292646
1.522,282.4,16.80476123
1.524,283.5,16.83745824
1.526,284.6,16.87009188
1.528,284.6,16.87009188
1.53,276.5,16.62828915
1.532,282.3,16.80178562
1.534,278.4,16.68532289
1.536,280.6,16.75111937
1.538,277.3,16.65232716
1.54,273,16.52271164
1.542,275.3,16.59216683
1.544,277.8,16.66733332
1.546,277.2,16.64932431
1.548,271.1,16.46511464
1.55,271.3,16.47118696
1.552,273.1,16.5257375
1.554,267.6,16.35848404
1.556,267.1,16.3431943
1.558,268.9,16.39817063
1.56,268.3,16.37986569
1.562,269.7,16.42254548
1.564,266.9,16.3370744
1.566,265.4,16.29110187
1.568,263.3,16.2265215
1.57,264.5,16.26345597
1.572,267.3,16.34931191
1.574,261,16.15549442
1.576,253.6,15.92482339
1.578,254.7,15.95932329
1.58,265,16.2788206
1.582,259,16.09347694
1.584,259.1,16.09658349
1.586,259.9,16.12141433
1.588,249,15.77973384
1.59,240.5,15.50806242
1.592,252.6,15.89339485
1.594,258.3,16.07171428
1.596,250.6,15.8303506
1.598,254.5,15.95305613
1.6,251.2,15.8492902
1.602,248.9,15.7765649
1.604,249.7,15.80189862
1.606,247.7,15.73848786
1.608,249.1,15.78290214
1.61,240,15.49193338
1.612,243,15.58845727
1.614,244.9,15.64928113
1.616,237.4,15.40779024
1.618,242.3,15.56598856
1.62,236.9,15.39155613
1.622,238.3,15.43696861
1.624,241.6,15.54348738
1.626,240.2,15.49838701
1.628,241.8,15.54991961
1.63,239.3,15.46932448
1.632,238.7,15.44991909
1.634,235.9,15.35903643
1.636,235.7,15.35252422
1.638,227.4,15.0797878
1.64,226.2,15.03994681
1.642,226.6,15.05323885
1.644,227.8,15.09304476
1.646,229.4,15.14595656
1.648,229.2,15.13935269
1.65,227.2,15.07315495
1.652,226.8,15.05988048
1.654,226.2,15.03994681
1.656,226,15.03329638
1.658,225.2,15.00666519
1.66,224.5,14.98332406
1.662,224.6,14.98666074
1.664,222.7,14.9231364
1.666,221.2,14.87279395
1.668,219.3,14.80878118
1.67,222.5,14.91643389
1.672,217.3,14.74109901
1.674,219.3,14.80878118
1.676,216.1,14.70034013
1.678,216.8,14.72412986
1.68,208,14.4222051
1.682,205.4,14.33178286
1.684,212.9,14.59109317
1.686,213.1,14.59794506
1.688,212,14.56021978
1.69,210.5,14.50861813
1.692,212.3,14.57051818
1.694,211.2,14.5327217
1.696,210,14.49137675
1.698,208.9,14.45337331
1.7,206.3,14.36314729
1.702,204.7,14.30734077
1.704,205.2,14.32480366
1.706,205,14.31782106
1.708,201.7,14.20211252
1.71,201.3,14.18802312
1.712,198.2,14.07835218
1.714,203.7,14.27235089
1.716,202.2,14.21970464
1.718,201,14.17744688
1.72,199.3,14.11736519
1.722,197.5,14.05346932
1.724,195.4,13.978555
1.726,198.2,14.07835218
1.728,197.1,14.03923075
1.73,198.4,14.08545349
1.732,193.6,13.9140217
1.734,187.4,13.68941197
1.736,182.7,13.51665639
1.738,186.3,13.6491758
1.74,190.5,13.80217374
1.742,190.2,13.79130161
1.744,190.7,13.80941708
1.746,186.7,13.66382084
1.748,187.2,13.6821051
1.75,185.8,13.63084737
1.752,185,13.60147051
1.754,185.6,13.62350909
1.756,184.9,13.59779394
1.758,184.3,13.57571361
1.76,183.1,13.53144486
1.762,179.3,13.39029499
1.764,180.7,13.44247001
1.766,181.7,13.47961424
1.768,180.2,13.42385936
1.77,179.1,13.38282481
1.772,179.4,13.39402852
1.774,179.2,13.38656042
1.776,176.3,13.27780102
1.778,174.7,13.21741276
1.78,175.6,13.25141502
1.782,174.7,13.21741276
1.784,173.5,13.17193987
1.786,173.9,13.18711492
1.788,174.7,13.21741276
1.79,173.3,13.16434579
1.792,172.1,13.11868896
1.794,170.9,13.07287268
1.796,170.6,13.06139349
1.798,170.3,13.04990421
1.8,169.9,13.03456942
1.802,167.2,12.9305839
1.804,168.8,12.99230542
1.806,168.8,12.99230542
1.808,168.5,12.98075499
1.81,168.6,12.98460627
1.812,167.5,12.94217911
1.814,165.8,12.87633488
1.816,160.5,12.66885946
1.818,152,12.32882801
1.82,159.6,12.63328936
1.822,159.8,12.64120247
1.824,162.4,12.74362586
1.826,162.8,12.75931033
1.828,161.1,12.69251748
1.83,160.6,12.67280553
1.832,159.3,12.62141038
1.834,158.5,12.58967831
1.836,158.1,12.57378225
1.838,156.2,12.49799984
1.84,156.2,12.49799984
1.842,154,12.40967365
1.844,154.1,12.41370211
1.846,153.5,12.38951169
1.848,151,12.28820573
1.85,154.6,12.43382483
1.852,153.4,12.38547536
1.854,152.5,12.34908904
1.856,150.9,12.28413611
1.858,152.5,12.34908904
1.86,150.3,12.25969005
1.862,150.4,12.26376777
1.864,150.9,12.28413611
1.866,149.4,12.22292927
1.868,149.2,12.21474519
1.87,150.8,12.28006515
1.872,147.3,12.13672114
1.874,140.1,11.83638458
1.876,129.9,11.39736812
1.878,144.1,12.00416594
1.88,146.2,12.0913192
1.882,147.4,12.14084017
1.884,146.4,12.09958677
1.886,143.9,11.99583261
1.888,145.3,12.05404496
1.89,142.4,11.93314711
1.892,140.8,11.86591758
1.894,139.6,11.81524439
1.896,137.3,11.71750827
1.898,139,11.78982612
1.9,139.7,11.81947545
1.902,140.9,11.87013058
1.904,138.6,11.77285012
1.906,139,11.78982612
1.908,137.7,11.73456433
1.91,137.8,11.73882447
1.912,135.4,11.63615057
1.914,137,11.70469991
1.916,136,11.66190379
1.918,135.3,11.63185282
1.92,133.3,11.54556192
1.922,135,11.61895004
1.924,134.1,11.58015544
1.926,134.4,11.5931014
1.928,132.2,11.49782588
1.93,131.3,11.45862121
1.932,130.8,11.43678276
1.934,132,11.48912529
1.936,132.8,11.52388823
1.938,132.1,11.49347641
1.94,129.9,11.39736812
1.942,129.4,11.37541208
1.944,120.3,10.96813567
1.946,119.2,10.91787525
1.948,127.1,11.27386358
1.95,126.1,11.22942563
1.952,125.5,11.20267825
1.954,128.6,11.340194
1.956,127.6,11.296017
1.958,127.1,11.27386358
1.96,126.1,11.22942563
1.962,124,11.13552873
1.964,122.2,11.05441088
1.966,123.1,11.09504394
1.968,124,11.13552873
1.97,123.9,11.13103769
1.972,121.3,11.01362792
1.974,120.8,10.99090533
1.976,122.4,11.06345335
1.978,119.4,10.9270307
1.98,119.6,10.93617849
1.982,120.5,10.9772492
1.984,119.7,10.94074952
1.986,117.8,10.85357084
1.988,119.5,10.93160555
1.99,119.8,10.94531863
1.992,118,10.86278049
1.994,116.2,10.77961038
1.996,117.3,10.83051245
1.998,115.9,10.76568623
2,117,10.81665383
2.002,116.1,10.774971
2.004,114.8,10.71447619
2.006,114.7,10.70980859
2.008,115.4,10.7424392
2.01,114.9,10.71914176
2.012,114.5,10.70046728
2.014,113.8,10.66770828
2.016,113.7,10.66302021
2.018,113.4,10.64894361
2.02,111.6,10.56409012
2.022,110.7,10.52140675
2.024,111.6,10.56409012
2.026,111.5,10.55935604
2.028,110.7,10.52140675
2.03,108.6,10.42113238
2.032,109.8,10.47854952
2.034,109.2,10.44988038
2.036,108.3,10.40672859
2.038,106.4,10.31503757
2.04,107.8,10.38267788
2.042,107.6,10.37304198
2.044,107.6,10.37304198
2.046,107.1,10.34891299
2.048,106.3,10.31018914
2.05,105.9,10.29077257
2.052,104.7,10.23230179
2.054,104.6,10.22741414
2.056,104.6,10.22741414
2.058,104,10.19803903
2.06,102.8,10.13903348
2.062,102.3,10.11434625
2.064,100.5,10.02496883
2.066,102.5,10.12422837
2.068,101.9,10.09455299
2.07,100.3,10.01498877
2.072,100.4,10.01998004
2.074,100.9,10.0448992
2.076,100.6,10.02995513
2.078,100,10
2.08,98.78,9.938812806
2.082,98.64,9.931767214
2.084,97.72,9.885342685
2.086,98.52,9.925724155
2.088,98.35,9.917156851
2.09,97.88,9.893432165
2.092,95.67,9.781104232
2.094,95.93,9.794386147
2.096,95.8,9.787747443
2.098,96.2,9.808159868
2.1,96.06,9.801020355
2.102,95.77,9.786214794
2.104,95.59,9.777013859
2.106,95.74,9.784681906
2.108,95.13,9.753460924
2.11,93.96,9.693296653
2.112,94.52,9.722139682
2.114,94.36,9.713907556
2.116,93.31,9.659710141
2.118,93.11,9.64935231
2.12,92.75,9.630680142
2.122,92.75,9.630680142
2.124,91.89,9.585927185
2.126,92.08,9.595832429
2.128,92.25,9.604686356
2.13,92.09,9.596353474
2.132,92.1,9.596874491
2.134,91.55,9.56817642
2.136,90.12,9.493155429
2.138,91.1,9.544631999
2.14,90.83,9.530477428
2.142,90.64,9.520504188
2.144,90.06,9.489994731
2.146,89.39,9.454628496
2.148,89.79,9.475758545
2.15,89.57,9.464142856
2.152,89.13,9.440868604
2.154,88.78,9.422313941
2.156,88.74,9.420191081
2.158,88.42,9.403190948
2.16,87.81,9.370699013
2.162,86.86,9.319871244
2.164,84.56,9.195651146
2.166,78.49,8.859458223
2.168,83,9.110433579
2.17,85.57,9.250405397
2.172,85.91,9.26876475
2.174,85.92,9.269304181
2.176,85.32,9.236882591
2.178,84.25,9.178779875
2.18,84.97,9.217917335
2.182,84.25,9.178779875
2.184,84.57,9.196194865
2.186,84.65,9.200543462
2.188,82.77,9.097801932
2.19,83.04,9.1126286
2.192,83.77,9.15259526
2.194,83.49,9.137286249
2.196,83.18,9.120307012
2.198,82.99,9.109884741
2.2,82.65,9.091204541
2.202,82.3,9.071934744
2.204,82.11,9.061456837
2.206,79.66,8.925245095
2.208,79.66,8.925245095
2.21,80.8,8.988882022
2.212,81.05,9.002777349
2.214,80.72,8.984430978
2.216,79.94,8.940917179
2.218,79.7,8.927485648
2.22,79.97,8.942594702
2.222,79.62,8.923003978
2.224,79.26,8.902808546
2.226,78.11,8.837986196
2.228,78.26,8.846468222
2.23,78.31,8.849293757
2.232,78.15,8.840248865
2.234,78.02,8.832893071
2.236,77.58,8.807950954
2.238,76.48,8.745284444
2.24,76.39,8.740137299
2.242,76.42,8.74185335
2.244,76.24,8.731551981
2.246,76.12,8.724677644
2.248,75.2,8.671793355
2.25,75.41,8.683893136
2.252,75.12,8.667179472
2.254,74.02,8.603487665
2.256,74.22,8.615103017
2.258,74.41,8.626123115
2.26,74.21,8.614522622
2.262,72.99,8.54341852
2.264,73.29,8.56095789
2.266,73.15,8.552777327
2.268,73.27,8.559789717
2.27,72.97,8.542247948
2.272,72.77,8.530533395
2.274,72.52,8.515867542
2.276,72.39,8.508231309
2.278,72.42,8.509994125
2.28,71.65,8.464632302
2.282,70.07,8.37078252
2.284,71.25,8.440971508
2.286,71.24,8.440379138
2.288,71.27,8.442156123
2.29,71.1,8.432081594
2.292,70.67,8.406545069
2.294,69.2,8.318653737
2.296,69.08,8.311437902
2.298,69.19,8.318052657
2.3,69.53,8.338465087
2.302,69.55,8.339664262
2.304,69.31,8.325262759
2.306,69.23,8.320456718
2.308,69.01,8.30722577
2.31,68.7,8.288546314
2.312,68.67,8.28673639
2.314,68.26,8.261961026
2.316,67.79,8.233468285
2.318,67.45,8.212794896
2.32,67.68,8.22678552
2.322,66.75,8.170067319
2.324,65.36,8.084553173
2.326,65.59,8.098765338
2.328,66.29,8.141867108
2.33,66.16,8.133879763
2.332,65.84,8.11418511
2.334,65.71,8.106170489
2.336,65.36,8.084553173
2.338,64.96,8.059776672
2.34,65.2,8.074651695
2.342,65.39,8.08640835
2.344,65.09,8.067837381
2.346,64.86,8.053570637
2.348,64.72,8.044874144
2.35,64.53,8.033056703
2.352,62.89,7.930321557
2.354,62.39,7.898734076
2.356,62.82,7.925906888
2.358,62.66,7.915806971
2.36,63.08,7.942291861
2.362,63.05,7.940403012
2.364,62.95,7.934103604
2.366,62.84,7.927168473
2.368,62.63,7.913911801
2.37,62.11,7.880989786
2.372,62.07,7.878451625
2.374,60.66,7.788452991
2.376,61.64,7.851114571
2.378,61.92,7.868926229
2.38,61.72,7.856207737
2.382,60.98,7.808969202
2.384,58.85,7.671375366
2.386,59.08,7.68635154
2.388,60.04,7.748548251
2.39,60.29,7.764663547
2.392,60.08,7.75112895
2.394,60.03,7.747902942
2.396,59.96,7.743384273
2.398,59.89,7.738862966
2.4,59.44,7.709734107
2.402,59.65,7.723341246
2.404,59.45,7.71038261
2.406,59.19,7.693503753
2.408,59.15,7.690903718
2.41,59.02,7.682447527
2.412,58.94,7.677239087
2.414,57.34,7.572318007
2.416,55.99,7.482646591
2.418,57.48,7.581556568
2.42,57.7,7.596051606
2.422,57.67,7.594076639
2.424,57.26,7.567033765
2.426,57.17,7.561084578
2.428,57.12,7.557777451
2.43,57.12,7.557777451
2.432,57.02,7.551158851
2.434,56.41,7.510659092
2.436,56.18,7.495331881
2.438,55.99,7.482646591
2.44,56.39,7.509327533
2.442,56.17,7.494664769
2.444,56.03,7.485318964
2.446,54.98,7.414849965
2.448,54.57,7.387151007
2.45,54.62,7.390534487
2.452,54.32,7.370210309
2.454,54.55,7.385797181
2.456,53.7,7.328028384
2.458,53.92,7.3430239
2.46,54.57,7.387151007
2.462,54.42,7.376991257
2.464,54.35,7.372245248
2.466,54.05,7.35187051
2.468,53.9,7.341661937
2.47,52.85,7.269800547
2.472,53.3,7.300684899
2.474,53.13,7.289032858
2.476,53.43,7.309582751
2.478,53.03,7.282170006
2.48,51.77,7.195137247
2.482,51.4,7.169379332
2.484,52.19,7.224264668
2.486,51.6,7.183313998
2.488,51.69,7.189575787
2.49,52.25,7.228416147
2.492,51.98,7.209715667
2.494,51.75,7.193747285
2.496,51.52,7.177743378
2.498,51.54,7.179136438
2.5,51.55,7.179832867
2.52,49.84,7.059745038
2.54,48.14,6.938299503
2.56,46.72,6.835202996
2.58,45.5,6.745368782
2.6,44.57,6.676076692
2.62,43.05,6.561249881
2.64,42.11,6.489221833
2.66,40.79,6.386704941
2.68,39.68,6.299206299
2.7,38.67,6.218520724
2.72,37.63,6.134329629
2.74,36.63,6.052272301
2.76,35.46,5.954829972
2.78,34.68,5.888972746
2.8,33.85,5.818075283
2.82,32.97,5.741950888
2.84,32.09,5.664803615
2.86,31.19,5.584800802
2.88,30.32,5.506359959
2.9,29.69,5.44885309
2.92,28.9,5.375872022
2.94,28.17,5.307541804
2.96,27.5,5.244044241
2.98,26.82,5.17880295
3,26.12,5.110772936
3.02,25.47,5.046781152
3.04,24.65,4.964876635
3.06,24.22,4.92138192
3.08,23.64,4.862098312
3.1,23.06,4.802082881
3.12,22.46,4.739198244
3.14,21.98,4.688283268
3.16,21.44,4.630334761
3.18,20.96,4.578209257
3.2,20.48,4.5254834
3.22,20,4.472135955
3.24,19.51,4.417012565
3.26,19.07,4.366921112
3.28,18.58,4.310452412
3.3,18.02,4.244997055
3.32,17.68,4.204759208
3.34,17.37,4.167733197
3.36,16.97,4.119465985
3.38,16.59,4.073082371
3.4,16.15,4.018706259
3.42,15.84,3.979949748
3.44,15.54,3.942080669
3.46,15.2,3.898717738
3.48,14.86,3.854867053
3.5,14.56,3.815756806
3.52,14.25,3.774917218
3.54,13.93,3.732291521
3.56,13.62,3.690528417
3.58,13.34,3.652396474
3.6,13.07,3.615245497
3.62,12.81,3.579106034
3.64,12.51,3.536947837
3.66,12.22,3.495711659
3.68,11.93,3.453983208
3.7,11.62,3.40881211
3.72,11.45,3.383784863
3.74,11.08,3.328663395
3.76,10.96,3.310589071
3.78,10.78,3.283291032
3.8,10.57,3.251153641
3.82,10.38,3.221800739
3.84,10.19,3.19217794
3.86,9.983,3.159588581
3.88,9.782,3.127618903
3.9,9.599,3.098225298
3.92,9.427,3.070342
3.94,9.233,3.038585197
3.96,9.032,3.005328601
3.98,8.857,2.976071236
4,8.669,2.944316559
4.02,8.557,2.925235033
4.04,8.385,2.895686447
4.06,8.217,2.866531005
4.08,8.054,2.837957012
4.1,7.894,2.80962631
4.12,7.739,2.781905822
4.14,7.587,2.754450943
4.16,7.439,2.727453024
4.18,7.294,2.700740639
4.2,7.153,2.674509301
4.22,7.015,2.648584528
4.24,6.881,2.623166026
4.26,6.749,2.597883754
4.28,6.621,2.573130389
4.3,6.496,2.548725172
4.32,6.374,2.524678197
4.34,6.254,2.500799872
4.36,6.138,2.477498739
4.38,6.024,2.454383833
4.4,5.913,2.431666095
4.42,5.804,2.409149227
4.44,5.698,2.387048387
4.46,5.594,2.365163842
4.48,5.492,2.343501654
4.5,5.393,2.322283359
4.52,5.296,2.301303978
4.54,5.201,2.280570104
4.56,5.108,2.260088494
4.58,5.018,2.240089284
4.6,4.929,2.220135131
4.62,4.842,2.200454499
4.64,4.757,2.181054791
4.66,4.674,2.16194357
4.68,4.593,2.143128554
4.7,4.514,2.124617613
4.72,4.436,2.106181379
4.74,4.36,2.088061302
4.76,4.285,2.070024154
4.78,4.212,2.052315765
4.8,4.141,2.034944717
4.82,4.071,2.017671926
4.84,4.003,2.000749859
4.86,3.936,1.983935483
4.88,3.87,1.967231557
4.9,3.806,1.950897229
4.92,3.743,1.934683437
4.94,3.681,1.918593235
4.96,3.621,1.902892535
4.98,3.562,1.887326151
5,3.504,1.871897433
5.05,3.394,1.842281195
5.1,3.267,1.80748444
5.15,3.146,1.773696705
5.2,3.03,1.740689519
5.25,2.92,1.708800749
5.3,2.815,1.677796174
5.35,2.715,1.647725705
5.4,2.619,1.618332475
5.45,2.527,1.58965405
5.5,2.439,1.56172981
5.55,2.355,1.534600925
5.6,2.275,1.508310313
5.65,2.198,1.482565344
5.7,2.124,1.457394936
5.75,2.054,1.433178286
5.8,1.986,1.409255122
5.85,1.921,1.386001443
5.9,1.859,1.363451503
5.95,1.799,1.341268057
6,1.742,1.319848476
6.05,1.687,1.298845641
6.1,1.634,1.278280095
6.15,1.583,1.258173279
6.2,1.534,1.238547536
6.25,1.487,1.219426095
6.3,1.442,1.200833044
6.35,1.399,1.182793304
6.4,1.357,1.164903429
6.45,1.317,1.147606204
6.5,1.278,1.130486621
6.55,1.24,1.113552873
6.6,1.204,1.097269338
6.65,1.17,1.081665383
6.7,1.136,1.065833008
6.75,1.104,1.050714043
6.8,1.073,1.035857133
6.85,1.043,1.021273715
6.9,1.014,1.00697567
6.95,0.9862,0.9930760293
7,0.9592,0.9793875637
7.05,0.9331,0.9659710141
7.1,0.908,0.95289034
7.15,0.8836,0.94
7.2,0.8601,0.9274157644
7.25,0.8374,0.9150956234
7.3,0.8154,0.9029950166
7.35,0.7942,0.8911789944
7.4,0.7736,0.8795453371
7.45,0.7537,0.8681589716
7.5,0.7344,0.8569714114
7.55,0.7158,0.8460496439
7.6,0.6977,0.8352843827
7.65,0.6802,0.824742384
7.7,0.6633,0.8144323176
7.75,0.6469,0.8043009387
7.8,0.631,0.7943550843
7.85,0.6156,0.7846018098
7.9,0.6006,0.7749838708
7.95,0.5862,0.7656369897
8,0.5721,0.7563729239
8.05,0.5585,0.7473285757
8.1,0.5453,0.7384443107
8.15,0.5324,0.7296574539
8.2,0.52,0.7211102551
8.25,0.5079,0.7126710321
8.3,0.4961,0.7043436661
8.35,0.4847,0.6962039931
8.4,0.4737,0.6882586723
8.45,0.4629,0.6803675477
8.5,0.4525,0.6726812024
8.55,0.4423,0.6650563886
8.6,0.4324,0.6575712889
8.65,0.4228,0.6502307283
8.7,0.4135,0.6430396566
8.75,0.4044,0.6359245238
8.8,0.3956,0.6289674077
8.85,0.387,0.6220932406
8.9,0.3787,0.6153860577
8.95,0.3706,0.6087692502
9,0.3627,0.602245797
9.05,0.355,0.5958187644
9.1,0.3475,0.5894913061
9.15,0.3402,0.5832666629
9.2,0.3331,0.5771481612
9.25,0.3262,0.5711392125
9.3,0.3195,0.5652433104
9.35,0.3129,0.5593746508
9.4,0.3065,0.5536244214
9.45,0.3003,0.5479963504
9.5,0.2942,0.5424020649
9.55,0.2883,0.5369357503
9.6,0.2825,0.5315072906
9.65,0.2769,0.5262128847
9.7,0.2714,0.5209606511
9.75,0.2661,0.5158488151
9.8,0.2608,0.5106858134
9.85,0.2558,0.5057667447
9.9,0.2508,0.500799361
9.95,0.246,0.4959838707
10,0.2412,0.4911211663
11,0.1635,0.4043513324
12,0.1152,0.339411255
13,8.34E-02,0.2887905816
14,6.19E-02,0.2487971061
15,4.69E-02,0.2165640783
16,3.61E-02,0.19
17,2.83E-02,0.1682260384
18,2.25E-02,0.15
19,1.81E-02,0.1345362405
20,1.47E-02,0.1212435565
25,6.05E-03,0.07778174593
30,2.93E-03,0.05412947441
35,1.58E-03,0.03974921383
40,9.31E-04,0.0305122926
50,3.83E-04,0.01957038579
60,1.85E-04,0.01360147051
80,5.88E-05,0.007668115805
100,2.42E-05,0.00491934955
120,1.17E-05,0.003420526275
150,4.81E-06,0.00219317122
200,1.53E-06,0.001236931688
250,6.28E-07,0.0007924645102
300,2.95E-07,0.0005431390246
400,1.01E-07,0.0003178049716
1000,3.38E-09,0.00005813776741